{
    "name": "R&Blue_6&4",
    "base_color.value": [
        0.06396788222882158,
        0.004596638984262479,
        0.004289549119412669
    ],
    "metallic.value": 0.3674941658973694,
    "roughness.value": 0.2363847941160202,
    "specular": 0.3741897642612457,
    "clearcoat.value": 0.37792545557022095,
    "clearcoat_gloss.value": 0.3820632994174957
}