{
    "name": "R&Blue_2&8",
    "base_color.value": [
        0.02303174134932326,
        0.010020850624019945,
        0.052358080120946206
    ],
    "metallic.value": 0.37348079681396484,
    "roughness.value": 0.28647056221961975,
    "specular": 0.3750627934932709,
    "clearcoat.value": 0.37845849990844727,
    "clearcoat_gloss.value": 0.38259389996528625
}