{
    "name": "R&Blue_8&2",
    "base_color.value": [
        0.12314769063117968,
        0.0090968396951767,
        0.007679417458095666
    ],
    "metallic.value": 0.3708494305610657,
    "roughness.value": 0.3480621874332428,
    "specular": 0.37521249055862427,
    "clearcoat.value": 0.3791634142398834,
    "clearcoat_gloss.value": 0.38303762674331665
}