{
    "name": "R&Blue_4&6",
    "base_color.value": [
        0.04267792379205809,
        0.005891216871109011,
        0.013921333566435816
    ],
    "metallic.value": 0.37428468465805054,
    "roughness.value": 0.2925417423248291,
    "specular": 0.3749627470970154,
    "clearcoat.value": 0.3785168528556824,
    "clearcoat_gloss.value": 0.3826706111431122
}