{
    "name": "R&Blue_7&3",
    "base_color.value": [
        0.07821540604693067,
        0.0044445089969501125,
        0.0030223745826745913
    ],
    "metallic.value": 0.3666274845600128,
    "roughness.value": 0.24040250480175018,
    "specular": 0.3746000826358795,
    "clearcoat.value": 0.378060519695282,
    "clearcoat_gloss.value": 0.3820914924144745
}