{
    "name": "R&Blue_9&1",
    "base_color.value": [
        0.1680799752154287,
        0.013749170393403287,
        0.012336460333516739
    ],
    "metallic.value": 0.3654291033744812,
    "roughness.value": 0.43802130222320557,
    "specular": 0.37351393699645996,
    "clearcoat.value": 0.37707215547561646,
    "clearcoat_gloss.value": 0.38111451268196106
}