{
    "name": "R&Blue_1&9",
    "base_color.value": [
        0.010427993525242804,
        0.013008036477396713,
        0.08243021676517152
    ],
    "metallic.value": 0.36991792917251587,
    "roughness.value": 0.2594570815563202,
    "specular": 0.3749082088470459,
    "clearcoat.value": 0.37827053666114807,
    "clearcoat_gloss.value": 0.38232144713401794
}