{
    "name": "R&Blue_5&5",
    "base_color.value": [
        0.04972035841071248,
        0.004748768971574845,
        0.005556723656150746
    ],
    "metallic.value": 0.3694863021373749,
    "roughness.value": 0.23659798502922058,
    "specular": 0.37406739592552185,
    "clearcoat.value": 0.3779021203517914,
    "clearcoat_gloss.value": 0.3821062445640564
}