{
    "name": "R&Blue_3&7",
    "base_color.value": [
        0.035635489173403714,
        0.007033664770643176,
        0.022285943476720887
    ],
    "metallic.value": 0.3752966523170471,
    "roughness.value": 0.31371888518333435,
    "specular": 0.3751084804534912,
    "clearcoat.value": 0.3787349760532379,
    "clearcoat_gloss.value": 0.38282984495162964
}